日期,指数代码,指数名称,指数英文名称,成分券代码,成分券名称,成分券英文名称,交易所,交易所英文名称
2025-02-28,000510,中证A500,CSI A500,000001,平安银行,"Ping An Bank Co., Ltd.",深圳证券交易所,Shenzhen Stock Exchange
2025-02-28,000510,中证A500,CSI A500,000002,万科A,China Vanke Co Ltd,深圳证券交易所,Shenzhen Stock Exchange
2025-02-28,000510,中证A500,CSI A500,000009,中国宝安,"China Baoan Group Co.,Ltd.",深圳证券交易所,Shenzhen Stock Exchange
2025-02-28,000510,中证A500,CSI A500,000034,神州数码,"Digital China Group Co., Ltd.",深圳证券交易所,Shenzhen Stock Exchange
2025-02-28,000510,中证A500,CSI A500,000035,中国天楹,China Tianying Inc.,深圳证券交易所,Shenzhen Stock Exchange
2025-02-28,000510,中证A500,CSI A500,000039,中集集团,China International Marine Containers (Group) Co Ltd,深圳证券交易所,Shenzhen Stock Exchange
2025-02-28,000510,中证A500,CSI A500,000063,中兴通讯,ZTE Corporation,深圳证券交易所,Shenzhen Stock Exchange
2025-02-28,000510,中证A500,CSI A500,000066,中国长城,"CHINA GREATWALL TECHNOLOGY GROUP CO., LTD.",深圳证券交易所,Shenzhen Stock Exchange
2025-02-28,000510,中证A500,CSI A500,000069,华侨城A,Shenzhen Overseas Chinese Town Co Ltd,深圳证券交易所,Shenzhen Stock Exchange
2025-02-28,000510,中证A500,CSI A500,000100,TCL科技,TCL Technology Group Corporation,深圳证券交易所,Shenzhen Stock Exchange
2025-02-28,000510,中证A500,CSI A500,000157,中联重科,Zoomlion Heavy Industry Science & Technology Co Ltd,深圳证券交易所,Shenzhen Stock Exchange
2025-02-28,000510,中证A500,CSI A500,000301,东方盛虹,"Jiangsu Eastern Shenghong Co.,Ltd.",深圳证券交易所,Shenzhen Stock Exchange
2025-02-28,000510,中证A500,CSI A500,000333,美的集团,"Midea Group CO., LTD",深圳证券交易所,Shenzhen Stock Exchange
2025-02-28,000510,中证A500,CSI A500,000338,潍柴动力,Wei Chai Power Co Ltd,深圳证券交易所,Shenzhen Stock Exchange
2025-02-28,000510,中证A500,CSI A500,000400,许继电气,XJ Electric Co Ltd,深圳证券交易所,Shenzhen Stock Exchange
2025-02-28,000510,中证A500,CSI A500,000408,藏格矿业,ZANGGE MINING COMPANY LIMITED,深圳证券交易所,Shenzhen Stock Exchange
2025-02-28,000510,中证A500,CSI A500,000423,东阿阿胶,Shandong Dong-Ee Jiao Co Ltd,深圳证券交易所,Shenzhen Stock Exchange
2025-02-28,000510,中证A500,CSI A500,000425,徐工机械,XCMG Construction Machinery Co Ltd,深圳证券交易所,Shenzhen Stock Exchange
2025-02-28,000510,中证A500,CSI A500,000519,中兵红箭,"NORTH INDUSTRIES GROUP RED ARROW CO.,LTD",深圳证券交易所,Shenzhen Stock Exchange
2025-02-28,000510,中证A500,CSI A500,000538,云南白药,"Yunnan Baiyao Group Co., Ltd.",深圳证券交易所,Shenzhen Stock Exchange
2025-02-28,000510,中证A500,CSI A500,000547,航天发展,"Addsino Co., Ltd",深圳证券交易所,Shenzhen Stock Exchange
2025-02-28,000510,中证A500,CSI A500,000568,泸州老窖,Luzhou Lao Jiao Co Ltd,深圳证券交易所,Shenzhen Stock Exchange
2025-02-28,000510,中证A500,CSI A500,000617,中油资本,CNPC Capital Company Limited,深圳证券交易所,Shenzhen Stock Exchange
2025-02-28,000510,中证A500,CSI A500,000623,吉林敖东,"Jilin Aodong Pharmaceutical Group Co., Ltd.",深圳证券交易所,Shenzhen Stock Exchange
2025-02-28,000510,中证A500,CSI A500,000625,长安汽车,Chongqing Changan Automobile Co Ltd,深圳证券交易所,Shenzhen Stock Exchange
2025-02-28,000510,中证A500,CSI A500,000629,钒钛股份,"Pangang Group Vanadium Titanium & Resources Co., Ltd.",深圳证券交易所,Shenzhen Stock Exchange
2025-02-28,000510,中证A500,CSI A500,000630,铜陵有色,Tongling Nonferrous Metals Group Co. Ltd,深圳证券交易所,Shenzhen Stock Exchange
2025-02-28,000510,中证A500,CSI A500,000651,格力电器,"Gree Electric Appliances,Inc. of Zhuhai",深圳证券交易所,Shenzhen Stock Exchange
2025-02-28,000510,中证A500,CSI A500,000661,长春高新,Chang Chun High and New Technology Industry (Group) Inc.,深圳证券交易所,Shenzhen Stock Exchange
2025-02-28,000510,中证A500,CSI A500,000683,远兴能源,"Inner Mongolia Yuan Xing Energy Co.,Ltd.",深圳证券交易所,Shenzhen Stock Exchange
2025-02-28,000510,中证A500,CSI A500,000708,中信特钢,"CITIC Pacific Special Steel Group Co., Ltd",深圳证券交易所,Shenzhen Stock Exchange
2025-02-28,000510,中证A500,CSI A500,000725,京东方A,BOE Technology Group Co Ltd,深圳证券交易所,Shenzhen Stock Exchange
2025-02-28,000510,中证A500,CSI A500,000733,振华科技,China Zhenhua (Group) Science & Technology Co Ltd,深圳证券交易所,Shenzhen Stock Exchange
2025-02-28,000510,中证A500,CSI A500,000738,航发控制,"AECC AERO-ENGINE CONTROL CO.,LTD.",深圳证券交易所,Shenzhen Stock Exchange
2025-02-28,000510,中证A500,CSI A500,000768,中航西飞,AVIC XI'AN AIRCRAFT INDUSTRY GROUP COMPANY LTD.,深圳证券交易所,Shenzhen Stock Exchange
2025-02-28,000510,中证A500,CSI A500,000786,北新建材,Beijing New Building Materials Public Ltd Co,深圳证券交易所,Shenzhen Stock Exchange
2025-02-28,000510,中证A500,CSI A500,000792,盐湖股份,Qinghai Salt Lake Industry Co Ltd,深圳证券交易所,Shenzhen Stock Exchange
2025-02-28,000510,中证A500,CSI A500,000807,云铝股份,Yunnan Aluminium Co Ltd,深圳证券交易所,Shenzhen Stock Exchange
2025-02-28,000510,中证A500,CSI A500,000818,航锦科技,"HANGJIN TECHNOLOGY CO.,LTD.",深圳证券交易所,Shenzhen Stock Exchange
2025-02-28,000510,中证A500,CSI A500,000830,鲁西化工,"Luxi Chemical Group Co.,Ltd.",深圳证券交易所,Shenzhen Stock Exchange
2025-02-28,000510,中证A500,CSI A500,000831,中国稀土,"CHINA RARE EARTH RESOURCES AND TECHNOLOGY CO., LTD.",深圳证券交易所,Shenzhen Stock Exchange
2025-02-28,000510,中证A500,CSI A500,000858,五 粮 液,Wuliangye Yibin Co Ltd,深圳证券交易所,Shenzhen Stock Exchange
2025-02-28,000510,中证A500,CSI A500,000878,云南铜业,Yunnan Copper Co Ltd,深圳证券交易所,Shenzhen Stock Exchange
2025-02-28,000510,中证A500,CSI A500,000887,中鼎股份,"Anhui Zhongding Sealing Parts Co.,Ltd.",深圳证券交易所,Shenzhen Stock Exchange
2025-02-28,000510,中证A500,CSI A500,000932,华菱钢铁,Hunan Valin Steel Co Ltd,深圳证券交易所,Shenzhen Stock Exchange
2025-02-28,000510,中证A500,CSI A500,000933,神火股份,Henan Shen Huo Coal Industry and Electricity Power Co Ltd,深圳证券交易所,Shenzhen Stock Exchange
2025-02-28,000510,中证A500,CSI A500,000938,紫光股份,"Unisplendour Co., Ltd.",深圳证券交易所,Shenzhen Stock Exchange
2025-02-28,000510,中证A500,CSI A500,000960,锡业股份,Yunnan Tin Co Ltd,深圳证券交易所,Shenzhen Stock Exchange
2025-02-28,000510,中证A500,CSI A500,000963,华东医药,Huadong Medicine Co Ltd,深圳证券交易所,Shenzhen Stock Exchange
2025-02-28,000510,中证A500,CSI A500,000967,盈峰环境,Infore Environment Technology Group Co. Ltd.,深圳证券交易所,Shenzhen Stock Exchange
2025-02-28,000510,中证A500,CSI A500,000975,山金国际,"Shanjin International Gold Co.,Ltd.",深圳证券交易所,Shenzhen Stock Exchange
2025-02-28,000510,中证A500,CSI A500,000977,浪潮信息,"Inspur Electronic Information Industry Co.,Ltd",深圳证券交易所,Shenzhen Stock Exchange
2025-02-28,000510,中证A500,CSI A500,000988,华工科技,Huagong Tech Co Ltd,深圳证券交易所,Shenzhen Stock Exchange
2025-02-28,000510,中证A500,CSI A500,000998,隆平高科,Yuan Longping High-tech Agriculture Co Ltd,深圳证券交易所,Shenzhen Stock Exchange
2025-02-28,000510,中证A500,CSI A500,000999,华润三九,China Resources Sanjiu Medical & Pharmaceutical Co Ltd,深圳证券交易所,Shenzhen Stock Exchange
2025-02-28,000510,中证A500,CSI A500,001914,招商积余,"China Merchants Property Operation & Service Co., Ltd.",深圳证券交易所,Shenzhen Stock Exchange
2025-02-28,000510,中证A500,CSI A500,001965,招商公路,"China Merchants Expressway Network Technology Holdings Co., Ltd.",深圳证券交易所,Shenzhen Stock Exchange
2025-02-28,000510,中证A500,CSI A500,001979,招商蛇口,"CHINA MERCHANTS SHEKOU INDUSTRIAL ZONE HOLDINGS CO.,LTD",深圳证券交易所,Shenzhen Stock Exchange
2025-02-28,000510,中证A500,CSI A500,002001,新和成,Zhejiang NHU Co Ltd,深圳证券交易所,Shenzhen Stock Exchange
2025-02-28,000510,中证A500,CSI A500,002007,华兰生物,Hualan Biological Engineering INC,深圳证券交易所,Shenzhen Stock Exchange
2025-02-28,000510,中证A500,CSI A500,002008,大族激光,"Han's Laser Technology Industry Group Co., Ltd.",深圳证券交易所,Shenzhen Stock Exchange
2025-02-28,000510,中证A500,CSI A500,002025,航天电器,Guizhou Space Appliance Co Ltd,深圳证券交易所,Shenzhen Stock Exchange
2025-02-28,000510,中证A500,CSI A500,002027,分众传媒,"Focus Media Information Technology Co., Ltd.",深圳证券交易所,Shenzhen Stock Exchange
2025-02-28,000510,中证A500,CSI A500,002028,思源电气,"Siyuan Electric Co., Ltd.",深圳证券交易所,Shenzhen Stock Exchange
2025-02-28,000510,中证A500,CSI A500,002044,美年健康,"Meinian Onehealth Healthcare Holdings Co., Ltd.",深圳证券交易所,Shenzhen Stock Exchange
2025-02-28,000510,中证A500,CSI A500,002049,紫光国微,"Unigroup Guoxin Microelectronics Co., Ltd.",深圳证券交易所,Shenzhen Stock Exchange
2025-02-28,000510,中证A500,CSI A500,002050,三花智控,"ZHEJIANG SANHUA INTELLIGENT CONTROLS CO.,LTD.",深圳证券交易所,Shenzhen Stock Exchange
2025-02-28,000510,中证A500,CSI A500,002064,华峰化学,"Huafon Chemical Co., Ltd.",深圳证券交易所,Shenzhen Stock Exchange
2025-02-28,000510,中证A500,CSI A500,002065,东华软件,"DHC Software Co.,Ltd.",深圳证券交易所,Shenzhen Stock Exchange
2025-02-28,000510,中证A500,CSI A500,002074,国轩高科,"GUOXUAN HIGH-TECH CO.,LTD.",深圳证券交易所,Shenzhen Stock Exchange
2025-02-28,000510,中证A500,CSI A500,002078,太阳纸业,Shan Dong Sun Paper Industry Joint Stock Co Ltd,深圳证券交易所,Shenzhen Stock Exchange
2025-02-28,000510,中证A500,CSI A500,002081,金螳螂,Suzhou Gold Mantis Construction Decoration Co Ltd,深圳证券交易所,Shenzhen Stock Exchange
2025-02-28,000510,中证A500,CSI A500,002085,万丰奥威,"Zhejiang Wanfeng Auto Wheel Co.,Ltd.",深圳证券交易所,Shenzhen Stock Exchange
2025-02-28,000510,中证A500,CSI A500,002091,江苏国泰,"Jiangsu Guotai International Group Co., Ltd.",深圳证券交易所,Shenzhen Stock Exchange
2025-02-28,000510,中证A500,CSI A500,002120,韵达股份,"YUNDA Holding Group CO., Ltd.",深圳证券交易所,Shenzhen Stock Exchange
2025-02-28,000510,中证A500,CSI A500,002128,电投能源,INNER MONGOLIA DIAN TOU ENERGY CORPORATION LIMITED,深圳证券交易所,Shenzhen Stock Exchange
2025-02-28,000510,中证A500,CSI A500,002129,TCL中环,"TCL Zhonghuan Renewable Energy Technology Co., Ltd.",深圳证券交易所,Shenzhen Stock Exchange
2025-02-28,000510,中证A500,CSI A500,002131,利欧股份,"LEO GROUP CO., LTD.",深圳证券交易所,Shenzhen Stock Exchange
2025-02-28,000510,中证A500,CSI A500,002138,顺络电子,Shenzhen Sunlord Electronics Co Ltd,深圳证券交易所,Shenzhen Stock Exchange
2025-02-28,000510,中证A500,CSI A500,002145,中核钛白,CNNC Hua Yuan Titanium Dioxide Co Ltd,深圳证券交易所,Shenzhen Stock Exchange
2025-02-28,000510,中证A500,CSI A500,002151,北斗星通,Beijing Bdstar Navigation Co Ltd,深圳证券交易所,Shenzhen Stock Exchange
2025-02-28,000510,中证A500,CSI A500,002152,广电运通,GRG Banking Equipment Co Ltd,深圳证券交易所,Shenzhen Stock Exchange
2025-02-28,000510,中证A500,CSI A500,002156,通富微电,"TongFu Microelectronics Co.,Ltd.",深圳证券交易所,Shenzhen Stock Exchange
2025-02-28,000510,中证A500,CSI A500,002176,江特电机,Jiangxi Special Electric Motor Co Ltd,深圳证券交易所,Shenzhen Stock Exchange
2025-02-28,000510,中证A500,CSI A500,002179,中航光电,"Jonhon Optronic Technology Co.,Ltd",深圳证券交易所,Shenzhen Stock Exchange
2025-02-28,000510,中证A500,CSI A500,002180,纳思达,Ninestar Corporation,深圳证券交易所,Shenzhen Stock Exchange
2025-02-28,000510,中证A500,CSI A500,002185,华天科技,Tianshui Huatian Technology Co Ltd,深圳证券交易所,Shenzhen Stock Exchange
2025-02-28,000510,中证A500,CSI A500,002195,岩山科技,"Shanghai Stonehill Technology Co., Ltd.",深圳证券交易所,Shenzhen Stock Exchange
2025-02-28,000510,中证A500,CSI A500,002202,金风科技,"GOLDWIND SCIENCE & TECHNOLOGY CO.,LTD.",深圳证券交易所,Shenzhen Stock Exchange
2025-02-28,000510,中证A500,CSI A500,002223,鱼跃医疗,Jiangsu Yuyue Medical Equipment & Supply Co Ltd,深圳证券交易所,Shenzhen Stock Exchange
2025-02-28,000510,中证A500,CSI A500,002230,科大讯飞,"Iflytek Co.,Ltd.",深圳证券交易所,Shenzhen Stock Exchange
2025-02-28,000510,中证A500,CSI A500,002236,大华股份,Zhejiang Dahua Technology Co Ltd,深圳证券交易所,Shenzhen Stock Exchange
2025-02-28,000510,中证A500,CSI A500,002240,盛新锂能,"Shenzhen Chengxin Lithium Group Co., Ltd.",深圳证券交易所,Shenzhen Stock Exchange
2025-02-28,000510,中证A500,CSI A500,002241,歌尔股份,GoerTek Inc,深圳证券交易所,Shenzhen Stock Exchange
2025-02-28,000510,中证A500,CSI A500,002245,蔚蓝锂芯,Jiangsu Azure Corporation,深圳证券交易所,Shenzhen Stock Exchange
2025-02-28,000510,中证A500,CSI A500,002252,上海莱士,Shanghai RAAS Blood Products Co Ltd,深圳证券交易所,Shenzhen Stock Exchange
2025-02-28,000510,中证A500,CSI A500,002266,浙富控股,"ZHEFU HOLDING GROUP CO., LTD",深圳证券交易所,Shenzhen Stock Exchange
2025-02-28,000510,中证A500,CSI A500,002268,电科网安,"CETC Cyberspace Security Technology Co.,Ltd.",深圳证券交易所,Shenzhen Stock Exchange
2025-02-28,000510,中证A500,CSI A500,002271,东方雨虹,Beijing Oriental Yuhong Waterproof Technology Co Ltd,深圳证券交易所,Shenzhen Stock Exchange
2025-02-28,000510,中证A500,CSI A500,002273,水晶光电,"Zhejiang Crystal-Optech Co., Ltd",深圳证券交易所,Shenzhen Stock Exchange
2025-02-28,000510,中证A500,CSI A500,002281,光迅科技,Accelink Technologies Co Ltd,深圳证券交易所,Shenzhen Stock Exchange
2025-02-28,000510,中证A500,CSI A500,002292,奥飞娱乐,Alpha Group,深圳证券交易所,Shenzhen Stock Exchange
2025-02-28,000510,中证A500,CSI A500,002294,信立泰,Shenzhen Salubris Pharmaceuticals Co Ltd,深圳证券交易所,Shenzhen Stock Exchange
2025-02-28,000510,中证A500,CSI A500,002312,川发龙蟒,"Sichuan Development Lomon Co.,Ltd.",深圳证券交易所,Shenzhen Stock Exchange
2025-02-28,000510,中证A500,CSI A500,002318,久立特材,Zhejiang Jiuli Hi-tech Metals Co Ltd,深圳证券交易所,Shenzhen Stock Exchange
2025-02-28,000510,中证A500,CSI A500,002340,格林美,Shenzhen Green Eco-manufacture Hi-tech Co Ltd,深圳证券交易所,Shenzhen Stock Exchange
2025-02-28,000510,中证A500,CSI A500,002352,顺丰控股,"S.F. Holding Co., Ltd.",深圳证券交易所,Shenzhen Stock Exchange
2025-02-28,000510,中证A500,CSI A500,002353,杰瑞股份,Yantai Jereh Oilfield Services Group Co Ltd,深圳证券交易所,Shenzhen Stock Exchange
2025-02-28,000510,中证A500,CSI A500,002368,太极股份,Taiji Computer Co Ltd,深圳证券交易所,Shenzhen Stock Exchange
2025-02-28,000510,中证A500,CSI A500,002371,北方华创,"NAURA Technology Group Co.,Ltd.",深圳证券交易所,Shenzhen Stock Exchange
2025-02-28,000510,中证A500,CSI A500,002372,伟星新材,Zhejiang Weixing New Building Materials Co Ltd,深圳证券交易所,Shenzhen Stock Exchange
2025-02-28,000510,中证A500,CSI A500,002384,东山精密,Suzhou Dongshan Precision Manufacturing Co Ltd,深圳证券交易所,Shenzhen Stock Exchange
2025-02-28,000510,中证A500,CSI A500,002389,航天彩虹,"Aerospace CH UAV Co., Ltd",深圳证券交易所,Shenzhen Stock Exchange
2025-02-28,000510,中证A500,CSI A500,002405,四维图新,NavInfo Co Ltd,深圳证券交易所,Shenzhen Stock Exchange
2025-02-28,000510,中证A500,CSI A500,002407,多氟多,Do-Fluoride Chemicals Co Ltd,深圳证券交易所,Shenzhen Stock Exchange
2025-02-28,000510,中证A500,CSI A500,002409,雅克科技,Jiangsu Yoke Technology Co Ltd,深圳证券交易所,Shenzhen Stock Exchange
2025-02-28,000510,中证A500,CSI A500,002410,广联达,Glodon Software Co Ltd,深圳证券交易所,Shenzhen Stock Exchange
2025-02-28,000510,中证A500,CSI A500,002414,高德红外,Wuhan Guide Infrared Co Ltd,深圳证券交易所,Shenzhen Stock Exchange
2025-02-28,000510,中证A500,CSI A500,002415,海康威视,Hangzhou Hikvision Digital Technology Co Ltd,深圳证券交易所,Shenzhen Stock Exchange
2025-02-28,000510,中证A500,CSI A500,002422,科伦药业,Sichuan Kelun Pharmaceutical Co Ltd,深圳证券交易所,Shenzhen Stock Exchange
2025-02-28,000510,中证A500,CSI A500,002432,九安医疗,Andon Health Co Ltd,深圳证券交易所,Shenzhen Stock Exchange
2025-02-28,000510,中证A500,CSI A500,002436,兴森科技,Shenzhen Fastprint Circuit Tech Co Ltd,深圳证券交易所,Shenzhen Stock Exchange
2025-02-28,000510,中证A500,CSI A500,002439,启明星辰,Beijing Venustech Inc.,深圳证券交易所,Shenzhen Stock Exchange
2025-02-28,000510,中证A500,CSI A500,002444,巨星科技,Hangzhou Great Star Industrial Co Ltd,深圳证券交易所,Shenzhen Stock Exchange
2025-02-28,000510,中证A500,CSI A500,002456,欧菲光,"OFILM Group Co., Ltd.",深圳证券交易所,Shenzhen Stock Exchange
2025-02-28,000510,中证A500,CSI A500,002459,晶澳科技,"JA Solar Technology Co., Ltd.",深圳证券交易所,Shenzhen Stock Exchange
2025-02-28,000510,中证A500,CSI A500,002460,赣锋锂业,Ganfeng Lithium Co Ltd,深圳证券交易所,Shenzhen Stock Exchange
2025-02-28,000510,中证A500,CSI A500,002463,沪电股份,Wus Printed Circuit (Kunshan) Co Ltd,深圳证券交易所,Shenzhen Stock Exchange
2025-02-28,000510,中证A500,CSI A500,002465,海格通信,Guangzhou Haige Communications Group Incorporated Company,深圳证券交易所,Shenzhen Stock Exchange
2025-02-28,000510,中证A500,CSI A500,002466,天齐锂业,"Tianqi Lithium Industries, Inc.",深圳证券交易所,Shenzhen Stock Exchange
2025-02-28,000510,中证A500,CSI A500,002472,双环传动,Zhejiang Shuanghuan Driveline Co Ltd,深圳证券交易所,Shenzhen Stock Exchange
2025-02-28,000510,中证A500,CSI A500,002475,立讯精密,"Luxshare Precision Industry Co., Ltd.",深圳证券交易所,Shenzhen Stock Exchange
2025-02-28,000510,中证A500,CSI A500,002493,荣盛石化,Rongsheng Petro Chemical Co Ltd,深圳证券交易所,Shenzhen Stock Exchange
2025-02-28,000510,中证A500,CSI A500,002497,雅化集团,Sichuan Yahua Industrial Group Co Ltd,深圳证券交易所,Shenzhen Stock Exchange
2025-02-28,000510,中证A500,CSI A500,002508,老板电器,Hangzhou Robam Appliances Co Ltd,深圳证券交易所,Shenzhen Stock Exchange
2025-02-28,000510,中证A500,CSI A500,002517,恺英网络,Taiya Shoes Co Ltd,深圳证券交易所,Shenzhen Stock Exchange
2025-02-28,000510,中证A500,CSI A500,002532,天山铝业,"TIANSHAN ALUMINUM GROUP CO.,LTD.",深圳证券交易所,Shenzhen Stock Exchange
2025-02-28,000510,中证A500,CSI A500,002541,鸿路钢构,Anhui Honglu Steel Construction (Group) Co Ltd,深圳证券交易所,Shenzhen Stock Exchange
2025-02-28,000510,中证A500,CSI A500,002544,普天科技,"CETC POTEVIO SCIENCE&TECHNOLOGY CO.,LTD.",深圳证券交易所,Shenzhen Stock Exchange
2025-02-28,000510,中证A500,CSI A500,002555,三七互娱,"WUHU SANQI INTERACTIVE ENTERTAINMENT NETWORK TECHNOLOGY GROUP CO.,LTD.",深圳证券交易所,Shenzhen Stock Exchange
2025-02-28,000510,中证A500,CSI A500,002558,巨人网络,"Giant Network Group Co., Ltd.",深圳证券交易所,Shenzhen Stock Exchange
2025-02-28,000510,中证A500,CSI A500,002572,索菲亚,Suofeiya Home Collection Co Ltd,深圳证券交易所,Shenzhen Stock Exchange
2025-02-28,000510,中证A500,CSI A500,002594,比亚迪,BYD Co Ltd,深圳证券交易所,Shenzhen Stock Exchange
2025-02-28,000510,中证A500,CSI A500,002601,龙佰集团,"LB Group Co., Ltd.",深圳证券交易所,Shenzhen Stock Exchange
2025-02-28,000510,中证A500,CSI A500,002603,以岭药业,Shijiazhuang Yiling Pharmaceutical Co Ltd,深圳证券交易所,Shenzhen Stock Exchange
2025-02-28,000510,中证A500,CSI A500,002607,中公教育,"Offcn Education Technology Co., Ltd.",深圳证券交易所,Shenzhen Stock Exchange
2025-02-28,000510,中证A500,CSI A500,002624,完美世界,"Perfect World Co., Ltd.",深圳证券交易所,Shenzhen Stock Exchange
2025-02-28,000510,中证A500,CSI A500,002625,光启技术,"Kuang-Chi Technologies Co., Ltd.",深圳证券交易所,Shenzhen Stock Exchange
2025-02-28,000510,中证A500,CSI A500,002648,卫星化学,"SATELLITE CHEMICAL CO., LTD.",深圳证券交易所,Shenzhen Stock Exchange
2025-02-28,000510,中证A500,CSI A500,002709,天赐材料,"Guangzhou Tinci Materials Technology Co., Ltd",深圳证券交易所,Shenzhen Stock Exchange
2025-02-28,000510,中证A500,CSI A500,002714,牧原股份,"Muyuan Foodstuff Co., Ltd",深圳证券交易所,Shenzhen Stock Exchange
2025-02-28,000510,中证A500,CSI A500,002738,中矿资源,"Sinomine Resource Group Co., Ltd.",深圳证券交易所,Shenzhen Stock Exchange
2025-02-28,000510,中证A500,CSI A500,002739,万达电影,"WANDA FILM HOLDING CO., LTD",深圳证券交易所,Shenzhen Stock Exchange
2025-02-28,000510,中证A500,CSI A500,002756,永兴材料,"Yongxing Special Materials Technology Co.,Ltd.",深圳证券交易所,Shenzhen Stock Exchange
2025-02-28,000510,中证A500,CSI A500,002812,恩捷股份,"Yunnan Energy New Material Co., Ltd.",深圳证券交易所,Shenzhen Stock Exchange
2025-02-28,000510,中证A500,CSI A500,002821,凯莱英,"Asymchem Laboratories (Tianjin) Co., Ltd.",深圳证券交易所,Shenzhen Stock Exchange
2025-02-28,000510,中证A500,CSI A500,002831,裕同科技,"ShenZhen YUTO Packaging Technology Co., Ltd.",深圳证券交易所,Shenzhen Stock Exchange
2025-02-28,000510,中证A500,CSI A500,002841,视源股份,Guangzhou Shiyuan Electronic Technology Company Limited,深圳证券交易所,Shenzhen Stock Exchange
2025-02-28,000510,中证A500,CSI A500,002916,深南电路,"Shennan Circuits Co., Ltd.",深圳证券交易所,Shenzhen Stock Exchange
2025-02-28,000510,中证A500,CSI A500,002920,德赛西威,"Huizhou Desay SV Automotive Co., Ltd.",深圳证券交易所,Shenzhen Stock Exchange
2025-02-28,000510,中证A500,CSI A500,002938,鹏鼎控股,"Avary Holding (Shenzhen) Co., Limited",深圳证券交易所,Shenzhen Stock Exchange
2025-02-28,000510,中证A500,CSI A500,003816,中国广核,"CGN Power Co., Ltd.",深圳证券交易所,Shenzhen Stock Exchange
2025-02-28,000510,中证A500,CSI A500,300001,特锐德,Qingdao TGOOD Electric Co Ltd,深圳证券交易所,Shenzhen Stock Exchange
2025-02-28,000510,中证A500,CSI A500,300002,神州泰岳,Beijing Ultrapower Software Co Ltd,深圳证券交易所,Shenzhen Stock Exchange
2025-02-28,000510,中证A500,CSI A500,300003,乐普医疗,Lepu Medical Technology (Beijing) Co Ltd,深圳证券交易所,Shenzhen Stock Exchange
2025-02-28,000510,中证A500,CSI A500,300012,华测检测,"CENTRE TESTING INTERNATIONAL GROUP CO., LTD.",深圳证券交易所,Shenzhen Stock Exchange
2025-02-28,000510,中证A500,CSI A500,300014,亿纬锂能,Eve Energy Co Ltd,深圳证券交易所,Shenzhen Stock Exchange
2025-02-28,000510,中证A500,CSI A500,300015,爱尔眼科,Aier Eye Hospital Group Co Ltd,深圳证券交易所,Shenzhen Stock Exchange
2025-02-28,000510,中证A500,CSI A500,300017,网宿科技,"Wangsu Science and Technology Co.,Ltd.",深圳证券交易所,Shenzhen Stock Exchange
2025-02-28,000510,中证A500,CSI A500,300024,机器人,Siasun Robot & Automation Co Ltd,深圳证券交易所,Shenzhen Stock Exchange
2025-02-28,000510,中证A500,CSI A500,300033,同花顺,"Hithink Royalflush Information Network Co.,Ltd.",深圳证券交易所,Shenzhen Stock Exchange
2025-02-28,000510,中证A500,CSI A500,300037,新宙邦,Shenzhen Capchem Technology Co Ltd,深圳证券交易所,Shenzhen Stock Exchange
2025-02-28,000510,中证A500,CSI A500,300054,鼎龙股份,"Hubei Dinglong CO.,Ltd.",深圳证券交易所,Shenzhen Stock Exchange
2025-02-28,000510,中证A500,CSI A500,300058,蓝色光标,"Bluefocus Data Technology Co., Ltd.",深圳证券交易所,Shenzhen Stock Exchange
2025-02-28,000510,中证A500,CSI A500,300059,东方财富,East Money Information Co Ltd,深圳证券交易所,Shenzhen Stock Exchange
2025-02-28,000510,中证A500,CSI A500,300068,南都电源,Zhejiang Narada Power Source Co Ltd,深圳证券交易所,Shenzhen Stock Exchange
2025-02-28,000510,中证A500,CSI A500,300070,碧水源,Beijing Originwater Technology Co Ltd,深圳证券交易所,Shenzhen Stock Exchange
2025-02-28,000510,中证A500,CSI A500,300073,当升科技,Beijing Easpring Material Technology Co Ltd,深圳证券交易所,Shenzhen Stock Exchange
2025-02-28,000510,中证A500,CSI A500,300088,长信科技,Wuhu Token Science Co Ltd,深圳证券交易所,Shenzhen Stock Exchange
2025-02-28,000510,中证A500,CSI A500,300118,东方日升,Risen Energy Co Ltd,深圳证券交易所,Shenzhen Stock Exchange
2025-02-28,000510,中证A500,CSI A500,300122,智飞生物,Chongqing Zhifei Biological Products Co Ltd,深圳证券交易所,Shenzhen Stock Exchange
2025-02-28,000510,中证A500,CSI A500,300124,汇川技术,Shenzhen Inovance Technology Co Ltd,深圳证券交易所,Shenzhen Stock Exchange
2025-02-28,000510,中证A500,CSI A500,300136,信维通信,Shenzhen Sunway Communication Co Ltd,深圳证券交易所,Shenzhen Stock Exchange
2025-02-28,000510,中证A500,CSI A500,300142,沃森生物,Walvax Biotechnology Co Ltd,深圳证券交易所,Shenzhen Stock Exchange
2025-02-28,000510,中证A500,CSI A500,300144,宋城演艺,"SONGCHENG PERFORMANCE DEVELOPMENT CO., LTD.",深圳证券交易所,Shenzhen Stock Exchange
2025-02-28,000510,中证A500,CSI A500,300182,捷成股份,Beijing Jetsen Technology Co Ltd,深圳证券交易所,Shenzhen Stock Exchange
2025-02-28,000510,中证A500,CSI A500,300207,欣旺达,Sunwoda Electronic Co Ltd,深圳证券交易所,Shenzhen Stock Exchange
2025-02-28,000510,中证A500,CSI A500,300212,易华录,"BEIJING E-HUALU INFORMATION TECHNOLOGY CO., LTD",深圳证券交易所,Shenzhen Stock Exchange
2025-02-28,000510,中证A500,CSI A500,300223,北京君正,Ingenic Semiconductor Co Ltd,深圳证券交易所,Shenzhen Stock Exchange
2025-02-28,000510,中证A500,CSI A500,300251,光线传媒,Beijing Enlight Media Co Ltd,深圳证券交易所,Shenzhen Stock Exchange
2025-02-28,000510,中证A500,CSI A500,300253,卫宁健康,"Winning Health Technology Group Co., Ltd.",深圳证券交易所,Shenzhen Stock Exchange
2025-02-28,000510,中证A500,CSI A500,300274,阳光电源,Sungrow Power Supply Co Ltd,深圳证券交易所,Shenzhen Stock Exchange
2025-02-28,000510,中证A500,CSI A500,300285,国瓷材料,"Shandong Sinocera Functional Material Co., Ltd",深圳证券交易所,Shenzhen Stock Exchange
2025-02-28,000510,中证A500,CSI A500,300296,利亚德,"Leyard Optoelectronic Co.,Ltd.",深圳证券交易所,Shenzhen Stock Exchange
2025-02-28,000510,中证A500,CSI A500,300308,中际旭创,"ZHONGJI INNOLIGHT CO., LTD.",深圳证券交易所,Shenzhen Stock Exchange
2025-02-28,000510,中证A500,CSI A500,300315,掌趣科技,"OURPALM CO., LTD",深圳证券交易所,Shenzhen Stock Exchange
2025-02-28,000510,中证A500,CSI A500,300316,晶盛机电,"Zhejiang Jingsheng Mechanical & Electrical Co., Ltd.",深圳证券交易所,Shenzhen Stock Exchange
2025-02-28,000510,中证A500,CSI A500,300339,润和软件,"Jiangsu Hoperun Software Co., Ltd.",深圳证券交易所,Shenzhen Stock Exchange
2025-02-28,000510,中证A500,CSI A500,300346,南大光电,"Jiangsu Nata Opto-electronic Material Co.,Ltd",深圳证券交易所,Shenzhen Stock Exchange
2025-02-28,000510,中证A500,CSI A500,300347,泰格医药,"Hangzhou Tigermed Consulting Co., Ltd.",深圳证券交易所,Shenzhen Stock Exchange
2025-02-28,000510,中证A500,CSI A500,300383,光环新网,"Beijing Sinnet Technology Co., Ltd.",深圳证券交易所,Shenzhen Stock Exchange
2025-02-28,000510,中证A500,CSI A500,300390,天华新能,"Canmax Technologies Co., Ltd.",深圳证券交易所,Shenzhen Stock Exchange
2025-02-28,000510,中证A500,CSI A500,300394,天孚通信,"Suzhou TFC Optical Communication Co., Ltd.",深圳证券交易所,Shenzhen Stock Exchange
2025-02-28,000510,中证A500,CSI A500,300395,菲利华,HUBEI FEILIHUA QUARTZ GLASS CO.LTD,深圳证券交易所,Shenzhen Stock Exchange
2025-02-28,000510,中证A500,CSI A500,300408,三环集团,"CHAOZHOU THREE-CIRCLE(GROUP)CO.,LTD",深圳证券交易所,Shenzhen Stock Exchange
2025-02-28,000510,中证A500,CSI A500,300413,芒果超媒,"Mango Excellent Media Co., Ltd.",深圳证券交易所,Shenzhen Stock Exchange
2025-02-28,000510,中证A500,CSI A500,300418,昆仑万维,"Beijing Kunlun Tech Co., Ltd.",深圳证券交易所,Shenzhen Stock Exchange
2025-02-28,000510,中证A500,CSI A500,300433,蓝思科技,"Lens Technology Co., Ltd.",深圳证券交易所,Shenzhen Stock Exchange
2025-02-28,000510,中证A500,CSI A500,300438,鹏辉能源,"Guangzhou Great Power Energy&Technology Co.,ltd.",深圳证券交易所,Shenzhen Stock Exchange
2025-02-28,000510,中证A500,CSI A500,300450,先导智能,"WUXI LEAD INTELLIGENT EQUIPMENT CO., LTD.",深圳证券交易所,Shenzhen Stock Exchange
2025-02-28,000510,中证A500,CSI A500,300454,深信服,Sangfor Technologies Inc.,深圳证券交易所,Shenzhen Stock Exchange
2025-02-28,000510,中证A500,CSI A500,300457,赢合科技,"SHENZHEN YINGHE TECHNOLOGY CO.,LTD",深圳证券交易所,Shenzhen Stock Exchange
2025-02-28,000510,中证A500,CSI A500,300459,汤姆猫,"Zhejiang Jinke Tom Culture Industry Co., LTD.",深圳证券交易所,Shenzhen Stock Exchange
2025-02-28,000510,中证A500,CSI A500,300474,景嘉微,"Changsha Jingjia Microelectronics Co., Ltd.",深圳证券交易所,Shenzhen Stock Exchange
2025-02-28,000510,中证A500,CSI A500,300476,胜宏科技,"Victory Giant Technology (HuiZhou)Co.,Ltd.",深圳证券交易所,Shenzhen Stock Exchange
2025-02-28,000510,中证A500,CSI A500,300496,中科创达,"Thunder Software Technology Co., Ltd.",深圳证券交易所,Shenzhen Stock Exchange
2025-02-28,000510,中证A500,CSI A500,300502,新易盛,"Eoptolink Technology Inc., Ltd",深圳证券交易所,Shenzhen Stock Exchange
2025-02-28,000510,中证A500,CSI A500,300529,健帆生物,"Jafron Biomedical Co.,Ltd.",深圳证券交易所,Shenzhen Stock Exchange
2025-02-28,000510,中证A500,CSI A500,300558,贝达药业,"Betta Pharmaceuticals Co.,Ltd",深圳证券交易所,Shenzhen Stock Exchange
2025-02-28,000510,中证A500,CSI A500,300567,精测电子,"Wuhan Jingce Electronic Technology Co., Ltd.",深圳证券交易所,Shenzhen Stock Exchange
2025-02-28,000510,中证A500,CSI A500,300568,星源材质,"Shenzhen Senior Technology Material Co., Ltd.",深圳证券交易所,Shenzhen Stock Exchange
2025-02-28,000510,中证A500,CSI A500,300573,兴齐眼药,"SHENYANG XINGQI PHARMACEUTICAL CO., LTD.",深圳证券交易所,Shenzhen Stock Exchange
2025-02-28,000510,中证A500,CSI A500,300595,欧普康视,AUTEK CHINA INC.,深圳证券交易所,Shenzhen Stock Exchange
2025-02-28,000510,中证A500,CSI A500,300601,康泰生物,"Shenzhen Kangtai Biological Products Co., Ltd.",深圳证券交易所,Shenzhen Stock Exchange
2025-02-28,000510,中证A500,CSI A500,300604,长川科技,"Hangzhou Chang Chuan Technology Co.,Ltd.",深圳证券交易所,Shenzhen Stock Exchange
2025-02-28,000510,中证A500,CSI A500,300627,华测导航,SHANGHAI HUACE NAVIGATION TECHNOLOGY LTD,深圳证券交易所,Shenzhen Stock Exchange
2025-02-28,000510,中证A500,CSI A500,300628,亿联网络,YEALINK NETWORK TECHNOLOGY CORPORATION LIMITED,深圳证券交易所,Shenzhen Stock Exchange
2025-02-28,000510,中证A500,CSI A500,300661,圣邦股份,SG Micro Corp.,深圳证券交易所,Shenzhen Stock Exchange
2025-02-28,000510,中证A500,CSI A500,300676,华大基因,"BGI Genomics Co., Ltd",深圳证券交易所,Shenzhen Stock Exchange
2025-02-28,000510,中证A500,CSI A500,300699,光威复材,"Weihai Guangwei Composites Co.,Ltd.",深圳证券交易所,Shenzhen Stock Exchange
2025-02-28,000510,中证A500,CSI A500,300724,捷佳伟创,Shenzhen S.C New Energy Technology Corporation,深圳证券交易所,Shenzhen Stock Exchange
2025-02-28,000510,中证A500,CSI A500,300750,宁德时代,"Contemporary Amperex Technology Co., Limited.",深圳证券交易所,Shenzhen Stock Exchange
2025-02-28,000510,中证A500,CSI A500,300751,迈为股份,"Suzhou Maxwell Technologies Co., Ltd.",深圳证券交易所,Shenzhen Stock Exchange
2025-02-28,000510,中证A500,CSI A500,300759,康龙化成,"Pharmaron Beijing Co., Ltd.",深圳证券交易所,Shenzhen Stock Exchange
2025-02-28,000510,中证A500,CSI A500,300760,迈瑞医疗,"Shenzhen Mindray Bio-Medical Electronics Co., Ltd.",深圳证券交易所,Shenzhen Stock Exchange
2025-02-28,000510,中证A500,CSI A500,300763,锦浪科技,"Ginlong Technologies Co., Ltd.",深圳证券交易所,Shenzhen Stock Exchange
2025-02-28,000510,中证A500,CSI A500,300769,德方纳米,"Shenzhen Dynanonic Co., Ltd.",深圳证券交易所,Shenzhen Stock Exchange
2025-02-28,000510,中证A500,CSI A500,300782,卓胜微,Maxscend Microelectronics Company Limited,深圳证券交易所,Shenzhen Stock Exchange
2025-02-28,000510,中证A500,CSI A500,300832,新产业,"Shenzhen New Industries Biomedical Engineering Co., Ltd.",深圳证券交易所,Shenzhen Stock Exchange
2025-02-28,000510,中证A500,CSI A500,300866,安克创新,"Anker Innovations Technology Co., Ltd",深圳证券交易所,Shenzhen Stock Exchange
2025-02-28,000510,中证A500,CSI A500,300896,爱美客,"IMEIK TECHNOLOGY DEVELOPMENT CO.,LTD.",深圳证券交易所,Shenzhen Stock Exchange
2025-02-28,000510,中证A500,CSI A500,300919,中伟股份,"CNGR Advanced Material Co.,Ltd.",深圳证券交易所,Shenzhen Stock Exchange
2025-02-28,000510,中证A500,CSI A500,300999,金龙鱼,"Yihai Kerry Arawana Holdings Co., Ltd",深圳证券交易所,Shenzhen Stock Exchange
2025-02-28,000510,中证A500,CSI A500,301236,软通动力,"iSoftStone Information Technology (Group) Co., Ltd.",深圳证券交易所,Shenzhen Stock Exchange
2025-02-28,000510,中证A500,CSI A500,302132,中航成飞,AVIC CHENGDU AIRCRAFT COMPANY LIMITED,深圳证券交易所,Shenzhen Stock Exchange
2025-02-28,000510,中证A500,CSI A500,600000,浦发银行,Shanghai Pudong Development Bank Co Ltd,上海证券交易所,Shanghai Stock Exchange
2025-02-28,000510,中证A500,CSI A500,600004,白云机场,Guangzhou Baiyun International Airport Co Ltd,上海证券交易所,Shanghai Stock Exchange
2025-02-28,000510,中证A500,CSI A500,600007,中国国贸,China World Trade Center Co Ltd,上海证券交易所,Shanghai Stock Exchange
2025-02-28,000510,中证A500,CSI A500,600008,首创环保,"Beijing Capital Eco-Environment Protection GroupCo.,Ltd.",上海证券交易所,Shanghai Stock Exchange
2025-02-28,000510,中证A500,CSI A500,600009,上海机场,Shanghai International Airport Co Ltd,上海证券交易所,Shanghai Stock Exchange
2025-02-28,000510,中证A500,CSI A500,600010,包钢股份,Inner Mongolia Baotou Steel Union Co Ltd,上海证券交易所,Shanghai Stock Exchange
2025-02-28,000510,中证A500,CSI A500,600011,华能国际,Huaneng Power International Inc,上海证券交易所,Shanghai Stock Exchange
2025-02-28,000510,中证A500,CSI A500,600018,上港集团,Shanghai International Port (Group) Co Ltd,上海证券交易所,Shanghai Stock Exchange
2025-02-28,000510,中证A500,CSI A500,600019,宝钢股份,Baoshan Iron &Steel Co Ltd,上海证券交易所,Shanghai Stock Exchange
2025-02-28,000510,中证A500,CSI A500,600026,中远海能,"COSCO SHIPPING Energy Transportation Co., Ltd.",上海证券交易所,Shanghai Stock Exchange
2025-02-28,000510,中证A500,CSI A500,600027,华电国际,Huadian Power International Corporation Ltd,上海证券交易所,Shanghai Stock Exchange
2025-02-28,000510,中证A500,CSI A500,600028,中国石化,China Petroleum & Chemical Corporation,上海证券交易所,Shanghai Stock Exchange
2025-02-28,000510,中证A500,CSI A500,600029,南方航空,China Southern Airlines Co Ltd,上海证券交易所,Shanghai Stock Exchange
2025-02-28,000510,中证A500,CSI A500,600030,中信证券,CITIC Securities Co Ltd,上海证券交易所,Shanghai Stock Exchange
2025-02-28,000510,中证A500,CSI A500,600031,三一重工,Sany Heavy Industry Co Ltd,上海证券交易所,Shanghai Stock Exchange
2025-02-28,000510,中证A500,CSI A500,600036,招商银行,China Merchants Bank Co Ltd,上海证券交易所,Shanghai Stock Exchange
2025-02-28,000510,中证A500,CSI A500,600038,中直股份,"AVIC Helicopter Co.,Ltd.",上海证券交易所,Shanghai Stock Exchange
2025-02-28,000510,中证A500,CSI A500,600039,四川路桥,Sichuan Road&Bridge Co Ltd,上海证券交易所,Shanghai Stock Exchange
2025-02-28,000510,中证A500,CSI A500,600048,保利发展,"Poly Developments and Holdings Group Co., Ltd.",上海证券交易所,Shanghai Stock Exchange
2025-02-28,000510,中证A500,CSI A500,600050,中国联通,China United Network Communications Co Ltd,上海证券交易所,Shanghai Stock Exchange
2025-02-28,000510,中证A500,CSI A500,600066,宇通客车,Zhengzhou Yutong Bus Co Ltd,上海证券交易所,Shanghai Stock Exchange
2025-02-28,000510,中证A500,CSI A500,600085,同仁堂,Beijing Tongrentang Co Ltd,上海证券交易所,Shanghai Stock Exchange
2025-02-28,000510,中证A500,CSI A500,600089,特变电工,TBEA Co Ltd,上海证券交易所,Shanghai Stock Exchange
2025-02-28,000510,中证A500,CSI A500,600096,云天化,Yunnan Yuntianhua Co Ltd,上海证券交易所,Shanghai Stock Exchange
2025-02-28,000510,中证A500,CSI A500,600104,上汽集团,SAIC Motor Co Ltd,上海证券交易所,Shanghai Stock Exchange
2025-02-28,000510,中证A500,CSI A500,600111,北方稀土,"China Northern Rare Earth (Group) High-Tech Co.,Ltd",上海证券交易所,Shanghai Stock Exchange
2025-02-28,000510,中证A500,CSI A500,600115,中国东航,"China Eastern Airlines Co., Ltd.",上海证券交易所,Shanghai Stock Exchange
2025-02-28,000510,中证A500,CSI A500,600118,中国卫星,China Spacesat Co Ltd,上海证券交易所,Shanghai Stock Exchange
2025-02-28,000510,中证A500,CSI A500,600129,太极集团,Chongqing Taiji Industry (Group) Co Ltd,上海证券交易所,Shanghai Stock Exchange
2025-02-28,000510,中证A500,CSI A500,600131,国网信通,"State Grid Information&Communication Co.,Ltd.",上海证券交易所,Shanghai Stock Exchange
2025-02-28,000510,中证A500,CSI A500,600141,兴发集团,Hubei Xingfa Chemicals Group Co Ltd,上海证券交易所,Shanghai Stock Exchange
2025-02-28,000510,中证A500,CSI A500,600143,金发科技,Kingfa Sci&Tech Co Ltd,上海证券交易所,Shanghai Stock Exchange
2025-02-28,000510,中证A500,CSI A500,600150,中国船舶,China CSSC Holdings Limited,上海证券交易所,Shanghai Stock Exchange
2025-02-28,000510,中证A500,CSI A500,600153,建发股份,Xiamen C&D Inc,上海证券交易所,Shanghai Stock Exchange
2025-02-28,000510,中证A500,CSI A500,600160,巨化股份,Zhejiang Ju Hua Co Ltd,上海证券交易所,Shanghai Stock Exchange
2025-02-28,000510,中证A500,CSI A500,600161,天坛生物,Beijing Tiantan Biological Products Co Ltd,上海证券交易所,Shanghai Stock Exchange
2025-02-28,000510,中证A500,CSI A500,600166,福田汽车,Beiqi Foton Motor Co Ltd,上海证券交易所,Shanghai Stock Exchange
2025-02-28,000510,中证A500,CSI A500,600167,联美控股,"Luenmei Holding Co.,Ltd",上海证券交易所,Shanghai Stock Exchange
2025-02-28,000510,中证A500,CSI A500,600170,上海建工,Shanghai Construction Co Ltd,上海证券交易所,Shanghai Stock Exchange
2025-02-28,000510,中证A500,CSI A500,600176,中国巨石,"CHINA JUSHI CO., LTD.",上海证券交易所,Shanghai Stock Exchange
2025-02-28,000510,中证A500,CSI A500,600177,雅戈尔,Youngor Group Co Ltd,上海证券交易所,Shanghai Stock Exchange
2025-02-28,000510,中证A500,CSI A500,600183,生益科技,"Shengyi Technology Co.,Ltd.",上海证券交易所,Shanghai Stock Exchange
2025-02-28,000510,中证A500,CSI A500,600188,兖矿能源,Yankuang Energy Group Company Limited,上海证券交易所,Shanghai Stock Exchange
2025-02-28,000510,中证A500,CSI A500,600196,复星医药,Shanghai Fosun Pharmaceutical (Group) Co Ltd,上海证券交易所,Shanghai Stock Exchange
2025-02-28,000510,中证A500,CSI A500,600219,南山铝业,"Shandong Nanshan Aluminium Co., Ltd.",上海证券交易所,Shanghai Stock Exchange
2025-02-28,000510,中证A500,CSI A500,600233,圆通速递,"YTO Express Group Co.,Ltd.",上海证券交易所,Shanghai Stock Exchange
2025-02-28,000510,中证A500,CSI A500,600256,广汇能源,"GUANGHUI ENERGY CO., LTD.",上海证券交易所,Shanghai Stock Exchange
2025-02-28,000510,中证A500,CSI A500,600258,首旅酒店,"BTG Hotels (Group) Co., Ltd.",上海证券交易所,Shanghai Stock Exchange
2025-02-28,000510,中证A500,CSI A500,600276,恒瑞医药,Jiangsu Hengrui Medicine Co Ltd,上海证券交易所,Shanghai Stock Exchange
2025-02-28,000510,中证A500,CSI A500,600309,万华化学,"Wanhua Chemical Group Co., Ltd.",上海证券交易所,Shanghai Stock Exchange
2025-02-28,000510,中证A500,CSI A500,600315,上海家化,Shanghai Jahwa United Co Ltd,上海证券交易所,Shanghai Stock Exchange
2025-02-28,000510,中证A500,CSI A500,600316,洪都航空,Jiangxi Hongdu Aviation Industry Co Ltd,上海证券交易所,Shanghai Stock Exchange
2025-02-28,000510,中证A500,CSI A500,600323,瀚蓝环境,"Grandblue Environment Co.,Ltd.",上海证券交易所,Shanghai Stock Exchange
2025-02-28,000510,中证A500,CSI A500,600325,华发股份,Huafa Industrial Co Ltd Zhuhai,上海证券交易所,Shanghai Stock Exchange
2025-02-28,000510,中证A500,CSI A500,600332,白云山,GUANGZHOU BAIYUNSHAN PHARMACEUTICAL HOLDINGS COMPANY LIMITED,上海证券交易所,Shanghai Stock Exchange
2025-02-28,000510,中证A500,CSI A500,600335,国机汽车,Sinomach Automobile Co Ltd,上海证券交易所,Shanghai Stock Exchange
2025-02-28,000510,中证A500,CSI A500,600346,恒力石化,"Hengli Petrochemical Co.,Ltd.",上海证券交易所,Shanghai Stock Exchange
2025-02-28,000510,中证A500,CSI A500,600352,浙江龙盛,Zhejiang Longsheng Group Co Ltd,上海证券交易所,Shanghai Stock Exchange
2025-02-28,000510,中证A500,CSI A500,600362,江西铜业,Jiangxi Copper Co Ltd,上海证券交易所,Shanghai Stock Exchange
2025-02-28,000510,中证A500,CSI A500,600372,中航机载,"AVIC Airborne Systems Co., Ltd.",上海证券交易所,Shanghai Stock Exchange
2025-02-28,000510,中证A500,CSI A500,600392,盛和资源,"Shenghe Resources Holding Co.,Ltd.",上海证券交易所,Shanghai Stock Exchange
2025-02-28,000510,中证A500,CSI A500,600398,海澜之家,"Heilan Home Co.,Ltd",上海证券交易所,Shanghai Stock Exchange
2025-02-28,000510,中证A500,CSI A500,600399,抚顺特钢,Fushun Special Steel Co Ltd,上海证券交易所,Shanghai Stock Exchange
2025-02-28,000510,中证A500,CSI A500,600406,国电南瑞,"NARI Technology Co., Ltd.",上海证券交易所,Shanghai Stock Exchange
2025-02-28,000510,中证A500,CSI A500,600415,小商品城,Zhejiang China Commodities City Group Co Ltd,上海证券交易所,Shanghai Stock Exchange
2025-02-28,000510,中证A500,CSI A500,600418,江淮汽车,Anhui Jianghuai Automobile Co Ltd,上海证券交易所,Shanghai Stock Exchange
2025-02-28,000510,中证A500,CSI A500,600426,华鲁恒升,Shandong Hualu-Hengsheng Chemical Co Ltd,上海证券交易所,Shanghai Stock Exchange
2025-02-28,000510,中证A500,CSI A500,600436,片仔癀,Zhangzhou Pientzehuang Pharmaceutical Co Ltd,上海证券交易所,Shanghai Stock Exchange
2025-02-28,000510,中证A500,CSI A500,600438,通威股份,Tongwei Co Ltd,上海证券交易所,Shanghai Stock Exchange
2025-02-28,000510,中证A500,CSI A500,600460,士兰微,Hangzhou Silan Microelectronics Co Ltd,上海证券交易所,Shanghai Stock Exchange
2025-02-28,000510,中证A500,CSI A500,600482,中国动力,"China Shipbuilding Industry Group Power Co.,Ltd",上海证券交易所,Shanghai Stock Exchange
2025-02-28,000510,中证A500,CSI A500,600486,扬农化工,Jiangsu Yangnong Chemical Co Ltd,上海证券交易所,Shanghai Stock Exchange
2025-02-28,000510,中证A500,CSI A500,600487,亨通光电,"Hengtong Optic-Electric Co.,Ltd",上海证券交易所,Shanghai Stock Exchange
2025-02-28,000510,中证A500,CSI A500,600489,中金黄金,Zhongjin Gold Co Ltd,上海证券交易所,Shanghai Stock Exchange
2025-02-28,000510,中证A500,CSI A500,600497,驰宏锌锗,Yunnan Chihong Zinc&Germanium Co Ltd,上海证券交易所,Shanghai Stock Exchange
2025-02-28,000510,中证A500,CSI A500,600498,烽火通信,Fiberhome Telecommunication Technologies Co Ltd,上海证券交易所,Shanghai Stock Exchange
2025-02-28,000510,中证A500,CSI A500,600499,科达制造,"Keda Industrial Group Co., Ltd.",上海证券交易所,Shanghai Stock Exchange
2025-02-28,000510,中证A500,CSI A500,600515,海南机场,"Hainan Airport Infrastructure Co., Ltd",上海证券交易所,Shanghai Stock Exchange
2025-02-28,000510,中证A500,CSI A500,600516,方大炭素,"Fangda Carbon New Material Co.,Ltd",上海证券交易所,Shanghai Stock Exchange
2025-02-28,000510,中证A500,CSI A500,600519,贵州茅台,Kweichow Moutai Co Ltd,上海证券交易所,Shanghai Stock Exchange
2025-02-28,000510,中证A500,CSI A500,600521,华海药业,Zhejiang Huahai Pharmaceutical Co Ltd,上海证券交易所,Shanghai Stock Exchange
2025-02-28,000510,中证A500,CSI A500,600529,山东药玻,Shandong Pharmaceutical Glass Co Ltd,上海证券交易所,Shanghai Stock Exchange
2025-02-28,000510,中证A500,CSI A500,600535,天士力,"TASLY PHARMACEUTICAL GROUP CO.,LTD",上海证券交易所,Shanghai Stock Exchange
2025-02-28,000510,中证A500,CSI A500,600547,山东黄金,Shandong Gold-Mining Co Ltd,上海证券交易所,Shanghai Stock Exchange
2025-02-28,000510,中证A500,CSI A500,600549,厦门钨业,Xiamen Tungsten Co Ltd,上海证券交易所,Shanghai Stock Exchange
2025-02-28,000510,中证A500,CSI A500,600563,法拉电子,"Xiamen Faratronic Co.,Ltd.",上海证券交易所,Shanghai Stock Exchange
2025-02-28,000510,中证A500,CSI A500,600570,恒生电子,Hundsun Technologies Inc.,上海证券交易所,Shanghai Stock Exchange
2025-02-28,000510,中证A500,CSI A500,600584,长电科技,"JCET Group Co., Ltd.",上海证券交易所,Shanghai Stock Exchange
2025-02-28,000510,中证A500,CSI A500,600585,海螺水泥,Anhui Conch Cement Co Ltd,上海证券交易所,Shanghai Stock Exchange
2025-02-28,000510,中证A500,CSI A500,600588,用友网络,"Yonyou Network Technology Co., Ltd.",上海证券交易所,Shanghai Stock Exchange
2025-02-28,000510,中证A500,CSI A500,600637,东方明珠,"Shanghai Oriental Pearl Media Co., Ltd.",上海证券交易所,Shanghai Stock Exchange
2025-02-28,000510,中证A500,CSI A500,600655,豫园股份,"SHANGHAI YUYUAN TOURIST MART (GROUP) CO., LTD.",上海证券交易所,Shanghai Stock Exchange
2025-02-28,000510,中证A500,CSI A500,600660,福耀玻璃,"Fuyao Glass Industry Group Co.,Ltd",上海证券交易所,Shanghai Stock Exchange
2025-02-28,000510,中证A500,CSI A500,600667,太极实业,Wuxi Taiji Industrial Co Ltd,上海证券交易所,Shanghai Stock Exchange
2025-02-28,000510,中证A500,CSI A500,600674,川投能源,Sichuan Chuantou Energy Co Ltd,上海证券交易所,Shanghai Stock Exchange
2025-02-28,000510,中证A500,CSI A500,600690,海尔智家,"Haier Smart Home Co., Ltd.",上海证券交易所,Shanghai Stock Exchange
2025-02-28,000510,中证A500,CSI A500,600699,均胜电子,Ningbo Joyson Electronic Corp.,上海证券交易所,Shanghai Stock Exchange
2025-02-28,000510,中证A500,CSI A500,600704,物产中大,Zhejiang Material Industrial Zhongda Yuantong Group Co Ltd,上海证券交易所,Shanghai Stock Exchange
2025-02-28,000510,中证A500,CSI A500,600741,华域汽车,HUAYU Automotive Systems Company Limited,上海证券交易所,Shanghai Stock Exchange
2025-02-28,000510,中证A500,CSI A500,600745,闻泰科技,"Wingtech Technology Co.,Ltd.",上海证券交易所,Shanghai Stock Exchange
2025-02-28,000510,中证A500,CSI A500,600754,锦江酒店,"Shanghai Jin Jiang International Hotels Co.,Ltd.",上海证券交易所,Shanghai Stock Exchange
2025-02-28,000510,中证A500,CSI A500,600755,厦门国贸,Xiamen International Trade Group Corp Ltd,上海证券交易所,Shanghai Stock Exchange
2025-02-28,000510,中证A500,CSI A500,600760,中航沈飞,AVIC SHENYANG AIRCRAFT COMPANY LIMITED,上海证券交易所,Shanghai Stock Exchange
2025-02-28,000510,中证A500,CSI A500,600763,通策医疗,TOPCHOICE MEDICAL CORPORATION,上海证券交易所,Shanghai Stock Exchange
2025-02-28,000510,中证A500,CSI A500,600765,中航重机,Avic Heavy Machinery Co Ltd,上海证券交易所,Shanghai Stock Exchange
2025-02-28,000510,中证A500,CSI A500,600771,广誉远,Topsun Science And Technology Co Ltd,上海证券交易所,Shanghai Stock Exchange
2025-02-28,000510,中证A500,CSI A500,600795,国电电力,GD Power Development Co Ltd,上海证券交易所,Shanghai Stock Exchange
2025-02-28,000510,中证A500,CSI A500,600803,新奥股份,"ENN Ecological Holdings Co., Ltd.",上海证券交易所,Shanghai Stock Exchange
2025-02-28,000510,中证A500,CSI A500,600816,建元信托,"J-Yuan Trust Co.,Ltd.",上海证券交易所,Shanghai Stock Exchange
2025-02-28,000510,中证A500,CSI A500,600820,隧道股份,Shanghai Tunnel Engineering Co Ltd,上海证券交易所,Shanghai Stock Exchange
2025-02-28,000510,中证A500,CSI A500,600839,四川长虹,Sichuan Changhong Electric Co Ltd,上海证券交易所,Shanghai Stock Exchange
2025-02-28,000510,中证A500,CSI A500,600845,宝信软件,Shanghai Baosight Software Co Ltd,上海证券交易所,Shanghai Stock Exchange
2025-02-28,000510,中证A500,CSI A500,600859,王府井,"Wangfujing Group Co., Ltd.",上海证券交易所,Shanghai Stock Exchange
2025-02-28,000510,中证A500,CSI A500,600862,中航高科,"Avic Aviation High-Technology Co., Ltd.",上海证券交易所,Shanghai Stock Exchange
2025-02-28,000510,中证A500,CSI A500,600867,通化东宝,"Tonghua Dongbao Pharmaceutical Co.,Ltd.",上海证券交易所,Shanghai Stock Exchange
2025-02-28,000510,中证A500,CSI A500,600879,航天电子,"China Aerospace Times Electronics Co.,Ltd.",上海证券交易所,Shanghai Stock Exchange
2025-02-28,000510,中证A500,CSI A500,600884,杉杉股份,Ningbo Shanshan Co Ltd,上海证券交易所,Shanghai Stock Exchange
2025-02-28,000510,中证A500,CSI A500,600885,宏发股份,"Hongfa Technology Co., Ltd.",上海证券交易所,Shanghai Stock Exchange
2025-02-28,000510,中证A500,CSI A500,600886,国投电力,"SDIC Power Holdings Co.,Ltd.",上海证券交易所,Shanghai Stock Exchange
2025-02-28,000510,中证A500,CSI A500,600887,伊利股份,Inner Mongolia Yili Industrial Group Co Ltd,上海证券交易所,Shanghai Stock Exchange
2025-02-28,000510,中证A500,CSI A500,600893,航发动力,AVIC AVIATION ENGINE CORPORATION PLC.,上海证券交易所,Shanghai Stock Exchange
2025-02-28,000510,中证A500,CSI A500,600895,张江高科,Shanghai Zhangjiang Hi-tech Park Development Co Ltd,上海证券交易所,Shanghai Stock Exchange
2025-02-28,000510,中证A500,CSI A500,600900,长江电力,China Yangtze Power Co Ltd,上海证券交易所,Shanghai Stock Exchange
2025-02-28,000510,中证A500,CSI A500,600905,三峡能源,"China Three Gorges Renewables (Group) Co.,Ltd.",上海证券交易所,Shanghai Stock Exchange
2025-02-28,000510,中证A500,CSI A500,600919,江苏银行,"Bank of Jiangsu Co., Ltd",上海证券交易所,Shanghai Stock Exchange
2025-02-28,000510,中证A500,CSI A500,600938,中国海油,CNOOC Limited,上海证券交易所,Shanghai Stock Exchange
2025-02-28,000510,中证A500,CSI A500,600941,中国移动,China Mobile Limited,上海证券交易所,Shanghai Stock Exchange
2025-02-28,000510,中证A500,CSI A500,600988,赤峰黄金,"Chifeng Jilong Gold Mining Co.,Ltd.",上海证券交易所,Shanghai Stock Exchange
2025-02-28,000510,中证A500,CSI A500,600989,宝丰能源,"Ningxia Baofeng Energy Group Co., Ltd.",上海证券交易所,Shanghai Stock Exchange
2025-02-28,000510,中证A500,CSI A500,600998,九州通,Jointown Pharmaceutical Group Co Ltd,上海证券交易所,Shanghai Stock Exchange
2025-02-28,000510,中证A500,CSI A500,601000,唐山港,Tangshan Port Group Co Ltd,上海证券交易所,Shanghai Stock Exchange
2025-02-28,000510,中证A500,CSI A500,601006,大秦铁路,Daqin Railway Co Ltd,上海证券交易所,Shanghai Stock Exchange
2025-02-28,000510,中证A500,CSI A500,601012,隆基绿能,"Longi Green Energy Technology Co., Ltd.",上海证券交易所,Shanghai Stock Exchange
2025-02-28,000510,中证A500,CSI A500,601018,宁波港,Ningbo Port Co Ltd,上海证券交易所,Shanghai Stock Exchange
2025-02-28,000510,中证A500,CSI A500,601021,春秋航空,"Spring Airlines Co., Ltd.",上海证券交易所,Shanghai Stock Exchange
2025-02-28,000510,中证A500,CSI A500,601058,赛轮轮胎,"Sailun Group Co.,Ltd.",上海证券交易所,Shanghai Stock Exchange
2025-02-28,000510,中证A500,CSI A500,601088,中国神华,China Shenhua Energy Co Ltd,上海证券交易所,Shanghai Stock Exchange
2025-02-28,000510,中证A500,CSI A500,601100,恒立液压,"Jiangsu Hengli Hydraulic CO., Ltd.",上海证券交易所,Shanghai Stock Exchange
2025-02-28,000510,中证A500,CSI A500,601111,中国国航,Air China Ltd,上海证券交易所,Shanghai Stock Exchange
2025-02-28,000510,中证A500,CSI A500,601117,中国化学,China National Chemical Engineering Co Ltd,上海证券交易所,Shanghai Stock Exchange
2025-02-28,000510,中证A500,CSI A500,601127,赛力斯,"Chongqing Sokon Industry Group Stock Co., Ltd.",上海证券交易所,Shanghai Stock Exchange
2025-02-28,000510,中证A500,CSI A500,601155,新城控股,"Future Land Holdings Co., Ltd.",上海证券交易所,Shanghai Stock Exchange
2025-02-28,000510,中证A500,CSI A500,601166,兴业银行,Industrial Bank,上海证券交易所,Shanghai Stock Exchange
2025-02-28,000510,中证A500,CSI A500,601168,西部矿业,Western Mining Co Ltd,上海证券交易所,Shanghai Stock Exchange
2025-02-28,000510,中证A500,CSI A500,601179,中国西电,China XD Electric Co Ltd,上海证券交易所,Shanghai Stock Exchange
2025-02-28,000510,中证A500,CSI A500,601186,中国铁建,China Railway Construction Co Ltd,上海证券交易所,Shanghai Stock Exchange
2025-02-28,000510,中证A500,CSI A500,601216,君正集团,"Inner Mongolia Junzheng Energy & Chemical Group Co.,Ltd.",上海证券交易所,Shanghai Stock Exchange
2025-02-28,000510,中证A500,CSI A500,601225,陕西煤业,Shaanxi Coal Industry Company Limited,上海证券交易所,Shanghai Stock Exchange
2025-02-28,000510,中证A500,CSI A500,601233,桐昆股份,Tongkun Group Co Ltd,上海证券交易所,Shanghai Stock Exchange
2025-02-28,000510,中证A500,CSI A500,601238,广汽集团,"Guangzhou Automobile Group Co., Ltd.",上海证券交易所,Shanghai Stock Exchange
2025-02-28,000510,中证A500,CSI A500,601288,农业银行,Agricultural Bank of China Co Ltd,上海证券交易所,Shanghai Stock Exchange
2025-02-28,000510,中证A500,CSI A500,601318,中国平安,Ping An Insurance (Group) Company of China Ltd,上海证券交易所,Shanghai Stock Exchange
2025-02-28,000510,中证A500,CSI A500,601319,中国人保,The People's Insurance Company (Group) of China Limited,上海证券交易所,Shanghai Stock Exchange
2025-02-28,000510,中证A500,CSI A500,601328,交通银行,Bank of Communications Co LTD,上海证券交易所,Shanghai Stock Exchange
2025-02-28,000510,中证A500,CSI A500,601360,三六零,360 Security Technology Inc.,上海证券交易所,Shanghai Stock Exchange
2025-02-28,000510,中证A500,CSI A500,601390,中国中铁,China Railway Group Limited,上海证券交易所,Shanghai Stock Exchange
2025-02-28,000510,中证A500,CSI A500,601398,工商银行,Industrial and Commercial Bank of China Ltd,上海证券交易所,Shanghai Stock Exchange
2025-02-28,000510,中证A500,CSI A500,601567,三星医疗,"Ningbo Sanxing Medical Electric Co.,Ltd.",上海证券交易所,Shanghai Stock Exchange
2025-02-28,000510,中证A500,CSI A500,601600,中国铝业,Aluminum Corporation of China Limited,上海证券交易所,Shanghai Stock Exchange
2025-02-28,000510,中证A500,CSI A500,601601,中国太保,China Pacific Insurance (Group) Co Ltd,上海证券交易所,Shanghai Stock Exchange
2025-02-28,000510,中证A500,CSI A500,601607,上海医药,"Shanghai Pharmaceuticals Holding Co.,Ltd",上海证券交易所,Shanghai Stock Exchange
2025-02-28,000510,中证A500,CSI A500,601615,明阳智能,MingYangSmartEnergyGroupLimited,上海证券交易所,Shanghai Stock Exchange
2025-02-28,000510,中证A500,CSI A500,601618,中国中冶,Metallurgical Corporation of China Co Ltd,上海证券交易所,Shanghai Stock Exchange
2025-02-28,000510,中证A500,CSI A500,601628,中国人寿,China Life Insurance Company Limited,上海证券交易所,Shanghai Stock Exchange
2025-02-28,000510,中证A500,CSI A500,601633,长城汽车,Great Wall Motor Co Ltd,上海证券交易所,Shanghai Stock Exchange
2025-02-28,000510,中证A500,CSI A500,601636,旗滨集团,Zhuzhou Kibing Group Co Ltd,上海证券交易所,Shanghai Stock Exchange
2025-02-28,000510,中证A500,CSI A500,601658,邮储银行,"POSTAL SAVINGS BANK OF CHINA CO., LTD.",上海证券交易所,Shanghai Stock Exchange
2025-02-28,000510,中证A500,CSI A500,601668,中国建筑,China State Construction Engineering Co Ltd,上海证券交易所,Shanghai Stock Exchange
2025-02-28,000510,中证A500,CSI A500,601669,中国电建,"Power Construction Corporation of China,Ltd",上海证券交易所,Shanghai Stock Exchange
2025-02-28,000510,中证A500,CSI A500,601677,明泰铝业,Henan Mingtai AL.Industrial Co Ltd,上海证券交易所,Shanghai Stock Exchange
2025-02-28,000510,中证A500,CSI A500,601689,拓普集团,"Ningbo Tuopu Group Co., Ltd.",上海证券交易所,Shanghai Stock Exchange
2025-02-28,000510,中证A500,CSI A500,601727,上海电气,Shanghai Electric Group Co Ltd,上海证券交易所,Shanghai Stock Exchange
2025-02-28,000510,中证A500,CSI A500,601728,中国电信,China Telecom Corporation Limited,上海证券交易所,Shanghai Stock Exchange
2025-02-28,000510,中证A500,CSI A500,601766,中国中车,CRRC Corporation Limited,上海证券交易所,Shanghai Stock Exchange
2025-02-28,000510,中证A500,CSI A500,601799,星宇股份,Changzhou Xingyu Automotive Lighting Systems Co Ltd,上海证券交易所,Shanghai Stock Exchange
2025-02-28,000510,中证A500,CSI A500,601800,中国交建,China Communications Construction Company Limited,上海证券交易所,Shanghai Stock Exchange
2025-02-28,000510,中证A500,CSI A500,601816,京沪高铁,"Beijing-Shanghai High Speed Railway Co.,Ltd",上海证券交易所,Shanghai Stock Exchange
2025-02-28,000510,中证A500,CSI A500,601857,中国石油,PetroChina Co Ltd,上海证券交易所,Shanghai Stock Exchange
2025-02-28,000510,中证A500,CSI A500,601866,中远海发,"COSCO SHIPPING Development Co.,Ltd.",上海证券交易所,Shanghai Stock Exchange
2025-02-28,000510,中证A500,CSI A500,601868,中国能建,China Energy Engineering Corporation Limited,上海证券交易所,Shanghai Stock Exchange
2025-02-28,000510,中证A500,CSI A500,601872,招商轮船,"China Merchants Energy Shipping Co., Ltd.",上海证券交易所,Shanghai Stock Exchange
2025-02-28,000510,中证A500,CSI A500,601877,正泰电器,Zhejiang Chint Electrics Co Ltd,上海证券交易所,Shanghai Stock Exchange
2025-02-28,000510,中证A500,CSI A500,601880,辽港股份,"Liaoning Port Co., Ltd.",上海证券交易所,Shanghai Stock Exchange
2025-02-28,000510,中证A500,CSI A500,601888,中国中免,China Tourism Group Duty Free Corporation Limited,上海证券交易所,Shanghai Stock Exchange
2025-02-28,000510,中证A500,CSI A500,601899,紫金矿业,Zijin Mining Group Co Ltd,上海证券交易所,Shanghai Stock Exchange
2025-02-28,000510,中证A500,CSI A500,601919,中远海控,"COSCO SHIPPING Holdings Co., Ltd.",上海证券交易所,Shanghai Stock Exchange
2025-02-28,000510,中证A500,CSI A500,601966,玲珑轮胎,"Shandong Linglong Tyre Co., Ltd.",上海证券交易所,Shanghai Stock Exchange
2025-02-28,000510,中证A500,CSI A500,601985,中国核电,"China National Nuclear Power Co.,Ltd.",上海证券交易所,Shanghai Stock Exchange
2025-02-28,000510,中证A500,CSI A500,601988,中国银行,Bank of China Ltd,上海证券交易所,Shanghai Stock Exchange
2025-02-28,000510,中证A500,CSI A500,601989,中国重工,China Shipbuilding Industry Co Ltd,上海证券交易所,Shanghai Stock Exchange
2025-02-28,000510,中证A500,CSI A500,603000,人民网,"People.cn CO.,LTD",上海证券交易所,Shanghai Stock Exchange
2025-02-28,000510,中证A500,CSI A500,603019,中科曙光,"Dawning Information Industry Co., Ltd.",上海证券交易所,Shanghai Stock Exchange
2025-02-28,000510,中证A500,CSI A500,603077,和邦生物,"Sichuan Hebang Biotechnology Co.,Ltd.",上海证券交易所,Shanghai Stock Exchange
2025-02-28,000510,中证A500,CSI A500,603087,甘李药业,Gan & Lee Pharmaceuticals,上海证券交易所,Shanghai Stock Exchange
2025-02-28,000510,中证A500,CSI A500,603129,春风动力,"ZHEJIANGCFMOTOPOWERCO.,LTD.",上海证券交易所,Shanghai Stock Exchange
2025-02-28,000510,中证A500,CSI A500,603259,药明康德,"WuXi AppTec Co., Ltd.",上海证券交易所,Shanghai Stock Exchange
2025-02-28,000510,中证A500,CSI A500,603260,合盛硅业,"HOSHINE SILICON INDUSTRY CO.,LTD",上海证券交易所,Shanghai Stock Exchange
2025-02-28,000510,中证A500,CSI A500,603288,海天味业,Foshan Haitian Flavouring and Food Company Ltd.,上海证券交易所,Shanghai Stock Exchange
2025-02-28,000510,中证A500,CSI A500,603290,斯达半导,StarPower Semiconductor Ltd.,上海证券交易所,Shanghai Stock Exchange
2025-02-28,000510,中证A500,CSI A500,603392,万泰生物,"BEIJING WANTAI BIOLOGICAL PHARMACY ENTERPRISE CO., LTD.",上海证券交易所,Shanghai Stock Exchange
2025-02-28,000510,中证A500,CSI A500,603456,九洲药业,"Zhejiang Jiuzhou Pharmaceutical Co., Ltd.",上海证券交易所,Shanghai Stock Exchange
2025-02-28,000510,中证A500,CSI A500,603486,科沃斯,"Ecovacs Robotics Co., Ltd.",上海证券交易所,Shanghai Stock Exchange
2025-02-28,000510,中证A500,CSI A500,603501,韦尔股份,"Will Semiconductor CO.,Ltd. Shanghai",上海证券交易所,Shanghai Stock Exchange
2025-02-28,000510,中证A500,CSI A500,603568,伟明环保,"ZHEJIANG WEIMING ENVIRONMENT PROTECTION CO., LTD.",上海证券交易所,Shanghai Stock Exchange
2025-02-28,000510,中证A500,CSI A500,603588,高能环境,"Beijing GeoEnviron Engineering & Technology, Inc..",上海证券交易所,Shanghai Stock Exchange
2025-02-28,000510,中证A500,CSI A500,603596,伯特利,"Bethel Automotive Safety Systems Co., Ltd",上海证券交易所,Shanghai Stock Exchange
2025-02-28,000510,中证A500,CSI A500,603605,珀莱雅,"Proya Cosmetics Co., Ltd.",上海证券交易所,Shanghai Stock Exchange
2025-02-28,000510,中证A500,CSI A500,603606,东方电缆,"Ningbo Orient Wires & Cables Co., Ltd.",上海证券交易所,Shanghai Stock Exchange
2025-02-28,000510,中证A500,CSI A500,603613,国联股份,"Beijing United Information Technology Co., Ltd.",上海证券交易所,Shanghai Stock Exchange
2025-02-28,000510,中证A500,CSI A500,603650,彤程新材,"Red Avenue New Materials Group Co., Ltd.",上海证券交易所,Shanghai Stock Exchange
2025-02-28,000510,中证A500,CSI A500,603659,璞泰来,"Shanghai Putailai New Energy Technology Co., Ltd.",上海证券交易所,Shanghai Stock Exchange
2025-02-28,000510,中证A500,CSI A500,603688,石英股份,"JIANGSU PACIFIC QUARTZ CO., LTD",上海证券交易所,Shanghai Stock Exchange
2025-02-28,000510,中证A500,CSI A500,603799,华友钴业,"ZHEJIANG HUAYOU COBALT CO., LTD.",上海证券交易所,Shanghai Stock Exchange
2025-02-28,000510,中证A500,CSI A500,603806,福斯特,"HANGZHOU FIRST PV MATERIAL Co., LTD.",上海证券交易所,Shanghai Stock Exchange
2025-02-28,000510,中证A500,CSI A500,603816,顾家家居,"Jason Furniture (Hangzhou) Co.,Ltd.",上海证券交易所,Shanghai Stock Exchange
2025-02-28,000510,中证A500,CSI A500,603833,欧派家居,Oppein Home Group Inc.,上海证券交易所,Shanghai Stock Exchange
2025-02-28,000510,中证A500,CSI A500,603882,金域医学,"Guangzhou Kingmed Diagnostics Group Co., Ltd.",上海证券交易所,Shanghai Stock Exchange
2025-02-28,000510,中证A500,CSI A500,603885,吉祥航空,"JUNEYAO AIRLINES Co., Ltd",上海证券交易所,Shanghai Stock Exchange
2025-02-28,000510,中证A500,CSI A500,603899,晨光股份,SHANGHAI M&G STATIONERY INC.,上海证券交易所,Shanghai Stock Exchange
2025-02-28,000510,中证A500,CSI A500,603939,益丰药房,"Yifeng Pharmacy Chain Co., Ltd.",上海证券交易所,Shanghai Stock Exchange
2025-02-28,000510,中证A500,CSI A500,603979,金诚信,"JCHX MINING MANAGEMENT CO.,LTD.",上海证券交易所,Shanghai Stock Exchange
2025-02-28,000510,中证A500,CSI A500,603986,兆易创新,GigaDevice Semiconductor (Beijing) Inc.,上海证券交易所,Shanghai Stock Exchange
2025-02-28,000510,中证A500,CSI A500,603993,洛阳钼业,"China Molybdenum Co., Ltd.",上海证券交易所,Shanghai Stock Exchange
2025-02-28,000510,中证A500,CSI A500,605117,德业股份,"Ningbo Deye Technology Co., Ltd.",上海证券交易所,Shanghai Stock Exchange
2025-02-28,000510,中证A500,CSI A500,605358,立昂微,"Hangzhou Lion Electronics Co.,Ltd",上海证券交易所,Shanghai Stock Exchange
2025-02-28,000510,中证A500,CSI A500,605499,东鹏饮料,"Eastroc Beverage (Group) Co.,Ltd.",上海证券交易所,Shanghai Stock Exchange
2025-02-28,000510,中证A500,CSI A500,688002,睿创微纳,"Raytron Technology Co.,Ltd",上海证券交易所,Shanghai Stock Exchange
2025-02-28,000510,中证A500,CSI A500,688005,容百科技,"Ningbo Ronbay New Energy Technology Co., Ltd.",上海证券交易所,Shanghai Stock Exchange
2025-02-28,000510,中证A500,CSI A500,688008,澜起科技,"Montage Technology Co., Ltd.",上海证券交易所,Shanghai Stock Exchange
2025-02-28,000510,中证A500,CSI A500,688009,中国通号,China Railway Signal & Communication Corporation Limited,上海证券交易所,Shanghai Stock Exchange
2025-02-28,000510,中证A500,CSI A500,688012,中微公司,Advanced Micro-Fabrication Equipment Inc. China,上海证券交易所,Shanghai Stock Exchange
2025-02-28,000510,中证A500,CSI A500,688036,传音控股,"SHENZHEN TRANSSION HOLDINGS CO., LTD.",上海证券交易所,Shanghai Stock Exchange
2025-02-28,000510,中证A500,CSI A500,688041,海光信息,"Hygon Information Technology Co., Ltd.",上海证券交易所,Shanghai Stock Exchange
2025-02-28,000510,中证A500,CSI A500,688047,龙芯中科,Loongson Technology Corporation Limited,上海证券交易所,Shanghai Stock Exchange
2025-02-28,000510,中证A500,CSI A500,688063,派能科技,"Pylon Technologies Co., Ltd.",上海证券交易所,Shanghai Stock Exchange
2025-02-28,000510,中证A500,CSI A500,688072,拓荆科技,Piotech Inc.,上海证券交易所,Shanghai Stock Exchange
2025-02-28,000510,中证A500,CSI A500,688099,晶晨股份,"Amlogic (Shanghai) Co., Ltd.",上海证券交易所,Shanghai Stock Exchange
2025-02-28,000510,中证A500,CSI A500,688111,金山办公,"Beijing Kingsoft Office Software, Inc.",上海证券交易所,Shanghai Stock Exchange
2025-02-28,000510,中证A500,CSI A500,688120,华海清科,"Hwatsing Technology Co.,Ltd.",上海证券交易所,Shanghai Stock Exchange
2025-02-28,000510,中证A500,CSI A500,688122,西部超导,"Western Superconducting Technologies Co.,Ltd.",上海证券交易所,Shanghai Stock Exchange
2025-02-28,000510,中证A500,CSI A500,688126,沪硅产业,"National Silicon Industry Group Co.,Ltd.",上海证券交易所,Shanghai Stock Exchange
2025-02-28,000510,中证A500,CSI A500,688169,石头科技,"Beijing Roborock Technology Co., Ltd.",上海证券交易所,Shanghai Stock Exchange
2025-02-28,000510,中证A500,CSI A500,688180,君实生物,"Shanghai Junshi Biosciences Co., Ltd.",上海证券交易所,Shanghai Stock Exchange
2025-02-28,000510,中证A500,CSI A500,688188,柏楚电子,SHANGHAI FRIENDESS ELECTRONICS TECHNOLOGY CORPORATION LIMITED,上海证券交易所,Shanghai Stock Exchange
2025-02-28,000510,中证A500,CSI A500,688223,晶科能源,"Jinko Solar Co., Ltd.",上海证券交易所,Shanghai Stock Exchange
2025-02-28,000510,中证A500,CSI A500,688235,百济神州,"BeiGene, Ltd.",上海证券交易所,Shanghai Stock Exchange
2025-02-28,000510,中证A500,CSI A500,688256,寒武纪,Cambricon Technologies Corporation Limited,上海证券交易所,Shanghai Stock Exchange
2025-02-28,000510,中证A500,CSI A500,688271,联影医疗,"Shanghai United Imaging Healthcare Co., Ltd.",上海证券交易所,Shanghai Stock Exchange
2025-02-28,000510,中证A500,CSI A500,688303,大全能源,"XinJiang Daqo New Energy Co.,Ltd",上海证券交易所,Shanghai Stock Exchange
2025-02-28,000510,中证A500,CSI A500,688390,固德威,"Jiangsu GoodWe Power Supply Technology Co., Ltd.",上海证券交易所,Shanghai Stock Exchange
2025-02-28,000510,中证A500,CSI A500,688396,华润微,China Resources Microelectronics Limited,上海证券交易所,Shanghai Stock Exchange
2025-02-28,000510,中证A500,CSI A500,688599,天合光能,"Trina Solar Co., Ltd.",上海证券交易所,Shanghai Stock Exchange
2025-02-28,000510,中证A500,CSI A500,688617,惠泰医疗,APT Medical Inc.,上海证券交易所,Shanghai Stock Exchange
2025-02-28,000510,中证A500,CSI A500,688777,中控技术,"SUPCON Technology Co., Ltd.",上海证券交易所,Shanghai Stock Exchange
2025-02-28,000510,中证A500,CSI A500,688981,中芯国际,Semiconductor Manufacturing International Corporation,上海证券交易所,Shanghai Stock Exchange
